time,ecg
0.0,525.659
0.004,515.373
0.008,534.466
0.012,547.167
0.016,568.087
0.02,572.455
0.024,605.179
0.028,580.26
0.032,621.639
0.036,636.688
0.04,663.64
0.044,672.961
0.048,673.134
0.052,695.695
0.056,700.786
0.06,705.809
0.064,721.995
0.068,692.755
0.072,703.323
0.076,731.362
0.08,761.787
0.084,782.339
0.088,784.267
0.092,774.745
0.096,760.809
0.1,789.723
0.104,821.536
0.108,833.658
0.112,777.663
0.116,852.594
0.12,798.636
0.124,849.599
0.128,834.52
0.132,889.203
0.136,781.179
0.14,867.245
0.144,816.66
0.148,790.594
0.152,795.815
0.156,873.029
0.16,778.17
0.164,817.216
0.168,822.57
0.172,820.934
0.176,843.6
0.18,791.232
0.184,840.629
0.188,791.683
0.192,789.2
0.196,790.631
0.2,759.534
0.204,763.627
0.208,791.163
0.212,761.981
0.216,781.75
0.22,727.601
0.224,745.146
0.228,708.253
0.232,745.616
0.236,730.973
0.24,681.532
0.244,661.77
0.248,696.988
0.252,655.835
0.256,672.65
0.26,699.604
0.264,614.951
0.268,679.236
0.272,701.732
0.276,633.736
0.28,647.144
0.284,610.797
0.288,645.04
0.292,637.637
0.296,691.012
0.3,658.758
0.304,628.317
0.308,624.013
0.312,606.532
0.316,600.396
0.32,592.426
0.324,641.094
0.328,620.589
0.332,604.886
0.336,562.164
0.34,530.16
0.344,522.991
0.348,508.699
0.352,544.736
0.356,606.593
0.36,579.0
0.364,489.363
0.368,510.61
0.372,557.317
0.376,523.708
0.38,553.284
0.384,513.835
0.388,552.256
0.392,516.791
0.396,503.335
0.4,545.459
0.404,550.48
0.408,530.619
0.412,501.354
0.416,486.579
0.42,520.576
0.424,482.055
0.428,496.337
0.432,506.506
0.436,472.612
0.44,484.231
0.444,518.87
0.448,461.524
0.452,495.887
0.456,473.505
0.46,492.312
0.464,475.148
0.468,489.865
0.472,476.101
0.476,467.431
0.48,491.672
0.484,542.178
0.488,470.135
0.492,466.86
0.496,482.089
0.5,464.47
0.504,452.809
0.508,450.946
0.512,459.925
0.516,410.45
0.52,477.729
0.524,425.695
0.528,380.348
0.532,430.202
0.536,396.906
0.54,398.266
0.544,420.517
0.548,416.573
0.552,366.158
0.556,394.491
0.56,389.913
0.564,319.99
0.568,368.978
0.572,346.261
0.576,338.736
0.58,346.651
0.584,325.59
0.588,355.845
0.592,265.169
0.596,258.691
0.6,295.484
0.604,271.508
0.608,307.873
0.612,256.219
0.616,266.979
0.62,257.865
0.624,227.202
0.628,249.354
0.632,229.491
0.636,251.78
0.64,264.472
0.644,228.054
0.648,186.487
0.652,175.205
0.656,209.758
0.66,172.919
0.664,175.547
0.668,185.627
0.672,234.874
0.676,211.72
0.68,209.537
0.684,193.552
0.688,215.936
0.692,178.774
0.696,211.354
0.7,214.864
0.704,228.882
0.708,250.433
0.712,200.707
0.716,209.197
0.72,206.665
0.724,236.21
0.728,241.585
0.732,284.704
0.736,241.826
0.74,255.017
0.744,259.668
0.748,270.574
0.752,280.907
0.756,278.166
0.76,280.06
0.764,272.92
0.768,271.518
0.772,320.511
0.776,300.649
0.78,349.506
0.784,346.754
0.788,379.378
0.792,422.485
0.796,381.598
0.8,382.684
0.804,419.874
0.808,439.58
0.812,412.1
0.816,419.74
0.82,453.23
0.824,492.279
0.828,549.077
0.832,522.898
0.836,497.769
0.84,559.378
0.844,498.674
0.848,574.721
0.852,609.107
0.856,596.102
0.86,592.827
0.864,609.915
0.868,662.935
0.872,607.872
0.876,618.496
0.88,655.872
0.884,670.621
0.888,696.636
0.892,597.991
0.896,682.403
0.9,709.34
0.904,708.687
0.908,717.863
0.912,771.847
0.916,778.955
0.92,783.652
0.924,817.671
0.928,735.856
0.932,760.26
0.936,763.466
0.94,828.714
0.944,812.353
0.948,799.789
0.952,751.855
0.956,804.333
0.96,795.554
0.964,795.086
0.968,819.612
0.972,809.533
0.976,790.97
0.98,785.214
0.984,858.474
0.988,839.818
0.992,849.128
0.996,816.122
1.0,786.35
1.004,795.732
1.008,817.858
1.012,783.789
1.016,840.074
1.02,787.169
1.024,780.678
1.028,764.274
1.032,798.738
1.036,790.6
1.04,765.592
1.044,782.338
1.048,736.668
1.052,783.833
1.056,739.164
1.06,737.451
1.064,723.323
1.068,731.116
1.072,719.754
1.076,737.428
1.08,718.604
1.084,670.823
1.088,677.272
1.092,693.279
1.096,652.556
1.1,696.29
1.104,630.974
1.108,636.811
1.112,632.426
1.116,681.613
1.12,663.914
1.124,592.44
1.128,590.305
1.132,619.926
1.136,608.67
1.14,589.201
1.144,557.191
1.148,623.224
1.152,605.995
1.156,582.256
1.16,555.036
1.164,581.67
1.168,561.471
1.172,533.675
1.176,548.45
1.18,547.371
1.184,540.825
1.188,529.764
1.192,591.373
1.196,524.654
1.2,541.26
1.204,544.147
1.208,556.104
1.212,507.371
1.216,517.63
1.22,482.463
1.224,550.445
1.228,565.712
1.232,510.283
1.236,515.786
1.24,481.124
1.244,523.259
1.248,526.63
1.252,538.275
1.256,467.923
1.26,500.646
1.264,521.902
1.268,502.25
1.272,500.325
1.276,482.197
1.28,500.039
1.284,519.125
1.288,519.777
1.292,502.758
1.296,471.518
1.3,428.058
1.304,474.215
1.308,474.228
1.312,481.573
1.316,490.692
1.32,473.608
1.324,466.596
1.328,442.349
1.332,396.118
1.336,483.234
1.34,439.264
1.344,416.614
1.348,425.261
1.352,472.017
1.356,426.0
1.36,418.125
1.364,420.72
1.368,413.564
1.372,389.269
1.376,414.349
1.38,368.628
1.384,326.389
1.388,391.265
1.392,404.862
1.396,357.963
1.4,375.369
1.404,342.07
1.408,343.271
1.412,311.505
1.416,343.989
1.42,331.1
1.424,266.747
1.428,296.377
1.432,254.492
1.436,300.324
1.44,263.544
1.444,299.085
1.448,209.396
1.452,276.839
1.456,246.455
1.46,220.899
1.464,236.246
1.468,276.769
1.472,251.741
1.476,213.714
1.48,194.227
1.484,236.48
1.488,173.42
1.492,175.63
1.496,242.653
1.5,184.988
1.504,212.74
1.508,189.642
1.512,198.797
1.516,177.548
1.52,222.116
1.524,179.976
1.528,189.758
1.532,186.311
1.536,202.906
1.54,167.929
1.544,225.76
1.548,246.06
1.552,263.683
1.556,235.826
1.56,192.151
1.564,237.127
1.568,252.012
1.572,219.761
1.576,186.027
1.58,251.417
1.584,270.368
1.588,288.525
1.592,276.682
1.596,272.762
1.6,287.644
1.604,277.407
1.608,336.675
1.612,391.761
1.616,392.75
1.62,324.47
1.624,405.142
1.628,369.238
1.632,406.636
1.636,395.584
1.64,390.237
1.644,488.452
1.648,440.118
1.652,451.511
1.656,475.568
1.66,477.33
1.664,489.431
1.668,525.18
1.672,555.981
1.676,509.913
1.68,573.389
1.684,560.933
1.688,619.802
1.692,567.636
1.696,596.639
1.7,587.982
1.704,674.873
1.708,661.087
1.712,658.714
1.716,686.203
1.72,710.242
1.724,695.928
1.728,747.651
1.732,683.783
1.736,751.708
1.74,719.463
1.744,710.138
1.748,730.579
1.752,793.382
1.756,756.264
1.76,777.559
1.764,797.014
1.768,801.072
1.772,730.402
1.776,767.328
1.78,778.322
1.784,809.916
1.788,795.418
1.792,816.552
1.796,791.046
1.8,830.005
1.804,816.036
1.808,856.575
1.812,802.712
1.816,813.227
1.82,807.048
1.824,787.043
1.828,836.126
1.832,828.735
1.836,778.063
1.84,854.474
1.844,785.099
1.848,795.303
1.852,791.002
1.856,760.211
1.86,808.949
1.864,792.275
1.868,753.694
1.872,721.455
1.876,777.795
1.88,792.365
1.884,751.781
1.888,666.701
1.892,738.626
1.896,752.47
1.9,718.022
1.904,795.498
1.908,692.718
1.912,688.152
1.916,669.047
1.92,694.678
1.924,698.218
1.928,660.953
1.932,670.559
1.936,658.571
1.94,687.847
1.944,632.166
1.948,617.052
1.952,587.16
1.956,621.362
1.96,588.018
1.964,641.147
1.968,588.638
1.972,591.096
1.976,604.262
1.98,576.38
1.984,552.336
1.988,602.044
1.992,537.239
1.996,497.103
2.0,533.142
2.004,592.922
2.008,577.924
2.012,556.943
2.016,578.103
2.02,507.452
2.024,546.007
2.028,545.612
2.032,534.007
2.036,512.402
2.04,528.614
2.044,573.018
2.048,538.296
2.052,513.785
2.056,486.723
2.06,530.096
2.064,562.376
2.068,545.423
2.072,489.733
2.076,497.477
2.08,536.538
2.084,454.944
2.088,510.253
2.092,471.771
2.096,481.495
2.1,488.466
2.104,513.659
2.108,514.608
2.112,521.506
2.116,485.692
2.12,513.815
2.124,490.247
2.128,537.879
2.132,493.686
2.136,491.492
2.14,488.693
2.144,459.811
2.148,470.473
2.152,439.917
2.156,490.563
2.16,459.796
2.164,404.431
2.168,448.52
2.172,451.983
2.176,466.229
2.18,451.174
2.184,384.95
2.188,412.53
2.192,401.901
2.196,426.223
2.2,390.517
2.204,430.36
2.208,432.86
2.212,399.307
2.216,427.988
2.22,430.428
2.224,422.838
2.228,388.45
2.232,376.708
2.236,302.085
2.24,353.998
2.244,354.472
2.248,320.058
2.252,361.503
2.256,311.429
2.26,348.296
2.264,302.736
2.268,321.066
2.272,257.813
2.276,249.441
2.28,285.12
2.284,306.576
2.288,250.572
2.292,266.481
2.296,283.941
2.3,261.022
2.304,219.046
2.308,235.266
2.312,236.994
2.316,202.809
2.32,224.667
2.324,162.297
2.328,255.561
2.332,148.431
2.336,157.116
2.34,195.437
2.344,213.077
2.348,165.215
2.352,180.223
2.356,181.461
2.36,197.114
2.364,124.456
2.368,212.485
2.372,223.895
2.376,203.134
2.38,219.99
2.384,213.382
2.388,178.65
2.392,269.235
2.396,194.827
2.4,236.789
2.404,237.088
2.408,216.724
2.412,247.068
2.416,250.773
2.42,291.345
2.424,290.316
2.428,318.147
2.432,313.727
2.436,294.729
2.44,295.49
2.444,335.922
2.448,370.127
2.452,363.88
2.456,326.26
2.46,360.649
2.464,359.281
2.468,396.593
2.472,405.841
2.476,440.633
2.48,413.498
2.484,462.317
2.488,471.962
2.492,533.182
2.496,506.182
2.5,516.302
2.504,500.42
2.508,577.36
2.512,535.638
2.516,549.871
2.52,572.394
2.524,626.839
2.528,575.426
2.532,585.985
2.536,593.368
2.54,630.496
2.544,688.579
2.548,667.653
2.552,722.999
2.556,715.823
2.56,706.706
2.564,726.532
2.568,716.208
2.572,744.924
2.576,760.12
2.58,723.965
2.584,742.384
2.588,751.839
2.592,820.631
2.596,800.642
2.6,795.029
2.604,825.705
2.608,790.741
2.612,847.551
2.616,798.344
2.62,844.172
2.624,802.141
2.628,858.242
2.632,841.396
2.636,810.986
2.64,803.359
2.644,796.285
2.648,790.462
2.652,835.013
2.656,813.912
2.66,800.581
2.664,797.477
2.668,823.233
2.672,798.755
2.676,789.553
2.68,832.994
2.684,812.448
2.688,791.292
2.692,776.664
2.696,731.96
2.7,751.856
2.704,781.609
2.708,798.912
2.712,774.066
2.716,770.774
2.72,693.567
2.724,720.907
2.728,757.176
2.732,732.335
2.736,730.682
2.74,734.464
2.744,679.444
2.748,726.029
2.752,749.354
2.756,725.831
2.76,687.535
2.764,673.025
2.768,678.299
2.772,652.576
2.776,661.188
2.78,643.673
2.784,620.195
2.788,573.903
2.792,609.315
2.796,634.747
2.8,602.238
2.804,573.593
2.808,591.911
2.812,549.217
2.816,572.611
2.82,543.145
2.824,575.432
2.828,557.832
2.832,563.21
2.836,564.395
2.84,552.843
2.844,561.875
2.848,552.958
2.852,530.276
2.856,538.15
2.86,487.716
2.864,553.513
2.868,534.73
2.872,525.333
2.876,488.143
2.88,525.699
2.884,573.793
2.888,527.951
2.892,523.277
2.896,483.34
2.9,495.02
2.904,520.323
2.908,489.369
2.912,517.552
2.916,524.357
2.92,504.51
2.924,474.259
2.928,508.616
2.932,510.674
2.936,496.361
2.94,478.087
2.944,487.546
2.948,509.506
2.952,497.544
2.956,524.495
2.96,548.873
2.964,530.112
2.968,494.971
2.972,444.449
2.976,503.231
2.98,507.613
2.984,484.783
2.988,485.928
2.992,474.483
2.996,457.695
3.0,437.668
3.004,493.048
3.008,451.916
3.012,439.897
3.016,444.948
3.02,411.93
3.024,418.475
3.028,435.815
3.032,436.546
3.036,410.612
3.04,379.492
3.044,383.37
3.048,385.91
3.052,369.64
3.056,382.062
3.06,434.968
3.064,313.476
3.068,332.443
3.072,352.24
3.076,335.873
3.08,366.065
3.084,305.291
3.088,298.539
3.092,310.325
3.096,319.171
3.1,263.796
3.104,265.008
3.108,306.157
3.112,278.14
3.116,273.786
3.12,286.702
3.124,224.372
3.128,230.308
3.132,233.134
3.136,216.134
3.14,227.107
3.144,229.182
3.148,292.078
3.152,205.053
3.156,214.162
3.16,273.744
3.164,221.094
3.168,203.379
3.172,218.188
3.176,226.299
3.18,188.013
3.184,212.342
3.188,161.337
3.192,197.343
3.196,198.247
3.2,166.241
3.204,229.484
3.208,183.612
3.212,200.502
3.216,197.615
3.22,236.158
3.224,241.574
3.228,217.143
3.232,233.909
3.236,248.38
3.24,214.037
3.244,211.298
3.248,269.65
3.252,257.997
3.256,307.583
3.26,258.726
3.264,292.744
3.268,274.601
3.272,318.448
3.276,361.415
3.28,359.394
3.284,351.835
3.288,365.521
3.292,351.466
3.296,420.066
3.3,420.833
3.304,409.292
3.308,462.378
3.312,476.35
3.316,469.951
3.32,494.919
3.324,472.785
3.328,487.07
3.332,512.289
3.336,530.439
3.34,583.834
3.344,528.097
3.348,535.462
3.352,551.051
3.356,611.114
3.36,610.318
3.364,554.361
3.368,637.992
3.372,624.113
3.376,642.099
3.38,682.963
3.384,692.703
3.388,714.766
3.392,652.676
3.396,752.699
3.4,752.685
3.404,716.846
3.408,737.218
3.412,740.345
3.416,750.73
3.42,763.785
3.424,754.366
3.428,806.602
3.432,777.534
3.436,748.207
3.44,795.691
3.444,818.701
3.448,824.759
3.452,792.955
3.456,760.781
3.46,839.675
3.464,784.457
3.468,836.687
3.472,767.696
3.476,802.705
3.48,805.758
3.484,839.221
3.488,823.354
3.492,766.283
3.496,835.708
3.5,843.768
3.504,825.208
3.508,790.059
3.512,790.868
3.516,837.412
3.52,785.144
3.524,776.664
3.528,777.969
3.532,775.694
3.536,795.997
3.54,774.218
3.544,754.387
3.548,763.14
3.552,785.785
3.556,782.023
3.56,701.341
3.564,705.572
3.568,720.56
3.572,725.051
3.576,700.483
3.58,720.374
3.584,699.572
3.588,662.474
3.592,709.748
3.596,627.303
3.6,691.362
3.604,664.488
3.608,642.447
3.612,649.034
3.616,670.653
3.62,631.95
3.624,586.449
3.628,600.877
3.632,622.572
3.636,596.911
3.64,611.505
3.644,587.606
3.648,534.909
3.652,568.427
3.656,567.57
3.66,627.948
3.664,548.599
3.668,573.638
3.672,570.82
3.676,534.122
3.68,531.223
3.684,559.669
3.688,537.284
3.692,531.497
3.696,568.947
3.7,503.676
3.704,530.284
3.708,513.879
3.712,525.961
3.716,571.373
3.72,529.718
3.724,500.784
3.728,539.598
3.732,533.114
3.736,496.64
3.74,521.182
3.744,517.435
3.748,506.737
3.752,470.728
3.756,505.633
3.76,510.718
3.764,499.138
3.768,531.559
3.772,508.807
3.776,476.298
3.78,476.083
3.784,476.444
3.788,479.486
3.792,494.366
3.796,504.629
3.8,481.923
3.804,501.962
3.808,477.698
3.812,494.522
3.816,428.84
3.82,448.423
3.824,415.068
3.828,486.387
3.832,485.503
3.836,503.454
3.84,441.128
3.844,528.122
3.848,403.627
3.852,425.347
3.856,451.619
3.86,450.616
3.864,412.95
3.868,440.304
3.872,387.036
3.876,360.905
3.88,391.986
3.884,374.361
3.888,352.044
3.892,407.159
3.896,407.167
3.9,380.823
3.904,323.143
3.908,327.854
3.912,362.003
3.916,326.136
3.92,274.046
3.924,296.892
3.928,327.671
3.932,323.667
3.936,279.18
3.94,312.658
3.944,294.135
3.948,261.18
3.952,240.672
3.956,264.942
3.96,203.447
3.964,233.922
3.968,188.93
3.972,267.803
3.976,205.185
3.98,227.701
3.984,228.405
3.988,218.135
3.992,188.099
3.996,172.98
4.0,248.751
4.004,226.292
4.008,187.865
4.012,201.936
4.016,248.738
4.02,198.168
4.024,209.208
4.028,242.168
4.032,215.995
4.036,205.973
4.04,192.048
4.044,238.785
4.048,240.869
4.052,195.923
4.056,199.531
4.06,244.089
4.064,247.104
4.068,263.841
4.072,251.686
4.076,251.944
4.08,287.722
4.084,321.87
4.088,296.468
4.092,259.937
4.096,265.911
4.1,233.172
4.104,302.738
4.108,336.837
4.112,335.921
4.116,345.618
4.12,398.369
4.124,307.85
4.128,436.348
4.132,394.271
4.136,413.595
4.14,440.212
4.144,426.901
4.148,435.527
4.152,458.911
4.156,467.812
4.16,496.684
4.164,488.498
4.168,500.696
4.172,502.606
4.176,573.774
4.18,568.05
4.184,583.431
4.188,571.399
4.192,599.145
4.196,618.133
4.2,639.822
4.204,632.728
4.208,660.665
4.212,640.801
4.216,696.739
4.22,648.361
4.224,706.429
4.228,743.228
4.232,701.732
4.236,742.017
4.24,715.262
4.244,702.213
4.248,755.618
4.252,727.934
4.256,759.602
4.26,769.827
4.264,769.713
4.268,783.888
4.272,797.827
4.276,803.831
4.28,837.692
4.284,845.202
4.288,843.067
4.292,847.49
4.296,795.542
4.3,792.432
4.304,817.385
4.308,821.072
4.312,817.084
4.316,800.216
4.32,797.486
4.324,832.918
4.328,763.498
4.332,828.834
4.336,833.786
4.34,834.057
4.344,808.05
4.348,780.588
4.352,824.542
4.356,792.105
4.36,767.442
4.364,829.063
4.368,835.661
4.372,760.616
4.376,746.582
4.38,751.457
4.384,774.733
4.388,713.266
4.392,733.445
4.396,717.301
4.4,739.108
4.404,743.243
4.408,738.019
4.412,723.732
4.416,688.924
4.42,697.679
4.424,664.338
4.428,685.885
4.432,675.091
4.436,664.147
4.44,695.399
4.444,646.882
4.448,653.669
4.452,614.469
4.456,585.83
4.46,617.061
4.464,597.076
4.468,582.619
4.472,544.276
4.476,588.96
4.48,562.92
4.484,627.533
4.488,597.335
4.492,567.396
4.496,587.465
4.5,597.089
4.504,587.402
4.508,542.076
4.512,571.078
4.516,517.729
4.52,560.193
4.524,571.701
4.528,547.362
4.532,554.605
4.536,541.007
4.54,501.296
4.544,556.337
4.548,513.42
4.552,495.562
4.556,541.072
4.56,457.055
4.564,512.005
4.568,512.958
4.572,547.257
4.576,540.233
4.58,501.4
4.584,538.876
4.588,518.403
4.592,485.221
4.596,472.6
4.6,506.203
4.604,492.375
4.608,494.927
4.612,506.737
4.616,490.791
4.62,494.405
4.624,508.043
4.628,473.565
4.632,458.542
4.636,452.002
4.64,468.761
4.644,503.498
4.648,460.467
4.652,466.404
4.656,458.195
4.66,478.916
4.664,490.907
4.668,468.927
4.672,465.934
4.676,502.329
4.68,440.47
4.684,441.786
4.688,452.821
4.692,403.77
4.696,366.89
4.7,385.035
4.704,415.668
4.708,385.22
4.712,349.286
4.716,440.575
4.72,339.836
4.724,412.877
4.728,340.528
4.732,370.327
4.736,355.436
4.74,364.588
4.744,335.272
4.748,296.668
4.752,331.673
4.756,323.267
4.76,329.461
4.764,326.714
4.768,320.299
4.772,314.591
4.776,300.828
4.78,277.459
4.784,239.93
4.788,243.021
4.792,272.547
4.796,269.147
4.8,276.522
4.804,223.471
4.808,241.608
4.812,209.075
4.816,232.587
4.82,216.612
4.824,202.227
4.828,205.521
4.832,183.196
4.836,168.942
4.84,182.907
4.844,177.256
4.848,210.997
4.852,225.439
4.856,175.215
4.86,165.146
4.864,157.834
4.868,191.948
4.872,223.435
4.876,245.596
4.88,239.711
4.884,216.189
4.888,229.443
4.892,221.127
4.896,221.185
4.9,279.346
4.904,253.936
4.908,277.581
4.912,293.15
4.916,281.348
4.92,307.359
4.924,311.354
4.928,312.918
4.932,316.176
4.936,296.903
4.94,241.67
4.944,383.156
4.948,304.772
4.952,320.664
4.956,387.482
4.96,386.787
4.964,409.917
4.968,426.075
4.972,465.584
4.976,434.653
4.98,455.735
4.984,457.599
4.988,470.205
4.992,513.349
4.996,527.521
5.0,550.389
5.004,529.65
5.008,506.27
5.012,536.621
5.016,561.337
5.02,559.288
5.024,641.369
5.028,629.151
5.032,619.235
5.036,643.109
5.04,726.13
5.044,640.423
5.048,684.593
5.052,675.685
5.056,687.892
5.06,711.43
5.064,777.276
5.068,768.669
5.072,760.76
5.076,793.884
5.08,793.855
5.084,729.331
5.088,783.703
5.092,752.432
5.096,816.977
5.1,800.818
5.104,812.963
5.108,775.081
5.112,796.398
5.116,815.744
5.12,790.934
5.124,839.794
5.128,832.42
5.132,833.785
5.136,819.539
5.14,887.006
5.144,827.799
5.148,844.286
5.152,847.928
5.156,782.018
5.16,809.366
5.164,815.755
5.168,778.775
5.172,745.08
5.176,781.314
5.18,803.357
5.184,775.759
5.188,802.178
5.192,799.645
5.196,814.574
5.2,800.368
5.204,751.737
5.208,733.304
5.212,779.761
5.216,774.428
5.22,754.943
5.224,775.194
5.228,721.131
5.232,726.622
5.236,687.122
5.24,723.162
5.244,679.087
5.248,702.892
5.252,735.925
5.256,737.731
5.26,677.969
5.264,680.028
5.268,688.353
5.272,657.248
5.276,647.012
5.28,639.225
5.284,607.349
5.288,610.567
5.292,598.531
5.296,630.781
5.3,607.343
5.304,593.224
5.308,598.547
5.312,577.667
5.316,579.799
5.32,537.111
5.324,563.64
5.328,554.776
5.332,555.526
5.336,548.967
5.34,560.155
5.344,548.824
5.348,581.374
5.352,477.456
5.356,576.484
5.36,565.76
5.364,573.402
5.368,489.512
5.372,541.277
5.376,482.885
5.38,533.178
5.384,505.295
5.388,510.203
5.392,517.983
5.396,503.875
5.4,516.327
5.404,481.389
5.408,479.357
5.412,499.807
5.416,526.758
5.42,498.927
5.424,488.696
5.428,491.834
5.432,479.932
5.436,520.834
5.44,492.191
5.444,464.314
5.448,486.331
5.452,510.223
5.456,495.594
5.46,500.938
5.464,446.894
5.468,462.554
5.472,502.738
5.476,473.224
5.48,489.1
5.484,462.748
5.488,457.871
5.492,475.769
5.496,448.206
5.5,472.844
5.504,434.857
5.508,409.907
5.512,483.911
5.516,398.522
5.52,452.17
5.524,457.734
5.528,461.278
5.532,416.387
5.536,420.462
5.54,388.99
5.544,376.827
5.548,394.623
5.552,398.32
5.556,362.075
5.56,343.112
5.564,341.891
5.568,327.591
5.572,357.296
5.576,313.35
5.58,376.74
5.584,313.473
5.588,337.118
5.592,354.115
5.596,278.536
5.6,304.973
5.604,258.864
5.608,272.432
5.612,264.74
5.616,212.498
5.62,228.648
5.624,222.183
5.628,212.244
5.632,243.881
5.636,253.868
5.64,241.802
5.644,206.43
5.648,232.918
5.652,181.746
5.656,181.347
5.66,216.31
5.664,241.759
5.668,244.883
5.672,156.62
5.676,206.614
5.68,179.131
5.684,202.259
5.688,237.306
5.692,256.755
5.696,183.328
5.7,204.987
5.704,220.709
5.708,188.589
5.712,232.337
5.716,257.452
5.72,237.168
5.724,228.897
5.728,240.055
5.732,225.153
5.736,235.032
5.74,233.161
5.744,267.224
5.748,264.19
5.752,259.062
5.756,294.906
5.76,330.099
5.764,272.769
5.768,333.068
5.772,323.378
5.776,349.346
5.78,343.8
5.784,338.238
5.788,391.641
5.792,379.43
5.796,422.343
5.8,385.47
5.804,394.888
5.808,442.588
5.812,419.651
5.816,438.241
5.82,466.935
5.824,492.993
5.828,491.907
5.832,474.842
5.836,522.731
5.84,569.981
5.844,548.893
5.848,517.935
5.852,532.393
5.856,567.121
5.86,612.987
5.864,624.515
5.868,603.613
5.872,647.832
5.876,676.044
5.88,711.424
5.884,683.637
5.888,675.327
5.892,704.156
5.896,707.845
5.9,727.824
5.904,768.119
5.908,792.399
5.912,739.572
5.916,794.287
5.92,775.039
5.924,809.357
5.928,763.58
5.932,783.825
5.936,805.798
5.94,803.434
5.944,826.153
5.948,802.321
5.952,796.894
5.956,812.042
5.96,824.365
5.964,804.639
5.968,803.103
5.972,895.677
5.976,833.919
5.98,812.063
5.984,789.075
5.988,807.346
5.992,770.684
5.996,782.915
6.0,823.404
6.004,785.892
6.008,818.794
6.012,853.152
6.016,800.511
6.02,838.033
6.024,819.474
6.028,766.587
6.032,782.906
6.036,750.828
6.04,779.557
6.044,772.649
6.048,772.858
6.052,738.084
6.056,749.839
6.06,749.172
6.064,726.355
6.068,780.095
6.072,711.027
6.076,665.196
6.08,719.35
6.084,647.821
6.088,697.749
6.092,691.845
6.096,679.059
6.1,638.803
6.104,622.23
6.108,670.412
6.112,567.151
6.116,684.196
6.12,644.812
6.124,616.407
6.128,609.388
6.132,598.257
6.136,590.444
6.14,582.318
6.144,623.404
6.148,536.704
6.152,549.312
6.156,540.268
6.16,569.69
6.164,518.395
6.168,583.348
6.172,524.928
6.176,571.762
6.18,560.283
6.184,556.425
6.188,550.593
6.192,529.881
6.196,542.28
6.2,549.606
6.204,552.462
6.208,560.784
6.212,545.387
6.216,550.686
6.22,533.911
6.224,562.105
6.228,527.139
6.232,526.312
6.236,545.871
6.24,510.246
6.244,503.377
6.248,509.435
6.252,472.95
6.256,512.43
6.26,487.584
6.264,503.465
6.268,489.926
6.272,541.16
6.276,521.065
6.28,484.065
6.284,507.103
6.288,502.299
6.292,485.122
6.296,507.64
6.3,478.899
6.304,471.538
6.308,450.594
6.312,414.7
6.316,485.25
6.32,463.741
6.324,477.651
6.328,469.453
6.332,440.267
6.336,436.425
6.34,484.174
6.344,405.832
6.348,467.485
6.352,468.846
6.356,401.871
6.36,423.87
6.364,386.403
6.368,412.033
6.372,392.252
6.376,392.354
6.38,329.895
6.384,359.358
6.388,394.603
6.392,363.594
6.396,383.675
6.4,385.976
6.404,353.658
6.408,358.363
6.412,342.031
6.416,340.847
6.42,305.647
6.424,266.227
6.428,295.263
6.432,286.933
6.436,280.566
6.44,273.525
6.444,253.074
6.448,235.951
6.452,258.242
6.456,265.628
6.46,255.286
6.464,240.096
6.468,266.566
6.472,237.423
6.476,240.41
6.48,196.594
6.484,238.241
6.488,190.697
6.492,200.013
6.496,164.875
6.5,223.936
6.504,190.769
6.508,159.503
6.512,238.595
6.516,225.698
6.52,198.309
6.524,228.356
6.528,154.412
6.532,195.03
6.536,219.8
6.54,193.622
6.544,196.714
6.548,224.369
6.552,181.522
6.556,207.582
6.56,204.209
6.564,201.762
6.568,262.093
6.572,222.998
6.576,258.549
6.58,250.669
6.584,264.549
6.588,303.808
6.592,308.593
6.596,295.708
6.6,343.29
6.604,328.341
6.608,342.547
6.612,337.566
6.616,372.382
6.62,320.93
6.624,404.405
6.628,423.542
6.632,422.124
6.636,360.222
6.64,453.788
6.644,401.762
6.648,450.767
6.652,457.499
6.656,459.08
6.66,515.014
6.664,498.983
6.668,487.952
6.672,515.959
6.676,577.524
6.68,547.002
6.684,597.465
6.688,603.711
6.692,654.741
6.696,639.582
6.7,640.919
6.704,619.501
6.708,650.319
6.712,678.787
6.716,696.903
6.72,668.39
6.724,684.994
6.728,694.286
6.732,714.418
6.736,743.32
6.74,760.97
6.744,752.684
6.748,740.516
6.752,771.948
6.756,749.835
6.76,785.101
6.764,805.195
6.768,811.289
6.772,826.168
6.776,795.122
6.78,773.41
6.784,837.38
6.788,818.529
6.792,842.168
6.796,783.865
6.8,772.837
6.804,852.193
6.808,840.019
6.812,810.879
6.816,833.073
6.82,811.069
6.824,830.073
6.828,777.928
6.832,795.505
6.836,822.893
6.84,762.78
6.844,848.227
6.848,822.344
6.852,812.127
6.856,800.016
6.86,765.55
6.864,823.518
6.868,814.712
6.872,818.38
6.876,699.809
6.88,765.813
6.884,721.637
6.888,718.403
6.892,759.139
6.896,709.373
6.9,671.778
6.904,694.784
6.908,675.822
6.912,698.031
6.916,669.883
6.92,719.264
6.924,682.181
6.928,693.992
6.932,655.427
6.936,659.538
6.94,659.544
6.944,642.966
6.948,595.2
6.952,696.817
6.956,577.612
6.96,648.699
6.964,616.137
6.968,604.331
6.972,611.501
6.976,605.877
6.98,560.948
6.984,662.412
6.988,569.722
6.992,563.975
6.996,577.776
7.0,552.672
7.004,541.883
7.008,573.175
7.012,557.195
7.016,536.693
7.02,524.958
7.024,530.275
7.028,521.193
7.032,578.443
7.036,555.819
7.04,521.071
7.044,559.172
7.048,517.279
7.052,522.451
7.056,512.744
7.06,512.136
7.064,535.612
7.068,488.967
7.072,481.349
7.076,581.652
7.08,476.002
7.084,557.474
7.088,544.316
7.092,499.586
7.096,552.819
7.1,486.053
7.104,506.388
7.108,479.107
7.112,496.161
7.116,491.433
7.12,494.03
7.124,486.581
7.128,490.436
7.132,452.361
7.136,465.262
7.14,482.342
7.144,451.804
7.148,507.135
7.152,488.725
7.156,503.536
7.16,485.222
7.164,407.218
7.168,443.039
7.172,439.931
7.176,451.528
7.18,405.944
7.184,455.793
7.188,396.653
7.192,415.608
7.196,453.449
7.2,379.317
7.204,428.145
7.208,428.714
7.212,381.115
7.216,406.205
7.22,376.026
7.224,342.034
7.228,354.892
7.232,416.859
7.236,343.262
7.24,377.197
7.244,328.318
7.248,341.697
7.252,272.919
7.256,289.036
7.26,341.079
7.264,264.71
7.268,274.633
7.272,237.139
7.276,249.472
7.28,192.615
7.284,244.298
7.288,225.159
7.292,262.948
7.296,226.706
7.3,220.137
7.304,258.132
7.308,197.984
7.312,267.684
7.316,225.972
7.32,232.814
7.324,215.203
7.328,241.933
7.332,216.499
7.336,197.098
7.34,221.527
7.344,267.227
7.348,184.385
7.352,165.434
7.356,191.677
7.36,219.906
7.364,197.353
7.368,243.6
7.372,217.18
7.376,190.011
7.38,261.097
7.384,234.068
7.388,201.023
7.392,180.425
7.396,243.348
7.4,234.663
7.404,250.753
7.408,220.227
7.412,305.225
7.416,262.615
7.42,281.98
7.424,318.784
7.428,305.337
7.432,331.18
7.436,276.61
7.44,304.904
7.444,307.116
7.448,342.775
7.452,367.185
7.456,359.283
7.46,366.503
7.464,406.576
7.468,369.498
7.472,424.733
7.476,475.927
7.48,455.942
7.484,465.246
7.488,450.742
7.492,469.531
7.496,509.413
7.5,488.235
7.504,535.731
7.508,558.633
7.512,535.462
7.516,555.41
7.52,659.743
7.524,606.005
7.528,600.004
7.532,632.868
7.536,617.735
7.54,672.827
7.544,697.943
7.548,712.343
7.552,636.995
7.556,673.707
7.56,724.315
7.564,697.188
7.568,704.41
7.572,731.342
7.576,771.024
7.58,810.156
7.584,771.543
7.588,739.827
7.592,788.814
7.596,750.961
7.6,793.401
7.604,839.01
7.608,805.521
7.612,804.927
7.616,819.902
7.62,749.416
7.624,822.815
7.628,849.397
7.632,801.023
7.636,808.436
7.64,838.869
7.644,815.938
7.648,857.208
7.652,840.001
7.656,835.359
7.66,830.299
7.664,807.321
7.668,831.055
7.672,821.368
7.676,843.677
7.68,837.302
7.684,791.476
7.688,860.866
7.692,760.629
7.696,774.668
7.7,801.069
7.704,772.981
7.708,754.191
7.712,727.218
7.716,780.075
7.72,763.602
7.724,707.412
7.728,705.294
7.732,741.354
7.736,708.752
7.74,689.822
7.744,656.287
7.748,656.983
7.752,670.885
7.756,681.021
7.76,669.889
7.764,672.962
7.768,649.572
7.772,626.144
7.776,653.831
7.78,648.281
7.784,655.582
7.788,612.977
7.792,605.202
7.796,590.368
7.8,619.548
7.804,672.713
7.808,586.138
7.812,560.678
7.816,607.258
7.82,569.611
7.824,548.518
7.828,592.919
7.832,573.789
7.836,613.949
7.84,510.1
7.844,465.149
7.848,541.379
7.852,552.652
7.856,531.919
7.86,549.284
7.864,554.043
7.868,486.425
7.872,530.867
7.876,534.401
7.88,473.061
7.884,511.993
7.888,521.985
7.892,577.865
7.896,512.153
7.9,539.225
7.904,542.053
7.908,481.712
7.912,512.552
7.916,482.621
7.92,464.179
7.924,532.347
7.928,516.072
7.932,527.753
7.936,503.98
7.94,551.239
7.944,473.304
7.948,484.367
7.952,483.298
7.956,525.556
7.96,492.253
7.964,486.113
7.968,475.911
7.972,471.001
7.976,458.91
7.98,494.455
7.984,459.188
7.988,437.526
7.992,506.295
7.996,446.616
8.0,402.933
8.004,424.22
8.008,474.41
8.012,424.555
8.016,441.784
8.02,427.757
8.024,417.249
8.028,425.955
8.032,405.239
8.036,419.19
8.04,371.698
8.044,425.244
8.048,358.849
8.052,406.379
8.056,357.083
8.06,355.867
8.064,392.059
8.068,319.211
8.072,358.862
8.076,370.168
8.08,359.464
8.084,321.355
8.088,326.192
8.092,323.394
8.096,297.855
8.1,287.438
8.104,283.176
8.108,299.567
8.112,254.771
8.116,279.386
8.12,307.165
8.124,237.407
8.128,224.331
8.132,206.018
8.136,265.819
8.14,233.715
8.144,253.993
8.148,211.994
8.152,204.322
8.156,207.94
8.16,194.385
8.164,245.73
8.168,193.517
8.172,191.14
8.176,237.188
8.18,255.017
8.184,160.268
8.188,218.951
8.192,211.762
8.196,185.309
8.2,169.153
8.204,253.587
8.208,178.924
8.212,198.999
8.216,224.103
8.22,229.327
8.224,253.07
8.228,255.448
8.232,234.18
8.236,283.292
8.24,226.422
8.244,274.729
8.248,267.051
8.252,332.037
8.256,289.149
8.26,290.828
8.264,256.725
8.268,324.27
8.272,324.44
8.276,353.735
8.28,337.053
8.284,324.902
8.288,365.282
8.292,360.347
8.296,367.14
8.3,456.508
8.304,434.969
8.308,416.846
8.312,429.117
8.316,495.252
8.32,461.878
8.324,488.233
8.328,490.504
8.332,547.298
8.336,545.261
8.34,551.531
8.344,570.491
8.348,602.768
8.352,606.838
8.356,592.072
8.36,565.147
8.364,627.269
8.368,658.67
8.372,634.515
8.376,680.933
8.38,648.546
8.384,698.689
8.388,689.718
8.392,685.239
8.396,737.801
8.4,778.467
8.404,773.23
8.408,822.181
8.412,727.277
8.416,733.382
8.42,772.249
8.424,819.636
8.428,771.776
8.432,807.309
8.436,778.485
8.44,826.003
8.444,783.249
8.448,811.972
8.452,787.985
8.456,798.024
8.46,860.457
8.464,840.566
8.468,809.267
8.472,854.76
8.476,844.509
8.48,803.29
8.484,822.015
8.488,797.121
8.492,826.459
8.496,856.063
8.5,796.288
8.504,810.589
8.508,819.378
8.512,762.976
8.516,816.017
8.52,815.454
8.524,818.787
8.528,823.12
8.532,799.734
8.536,791.667
8.54,737.781
8.544,761.943
8.548,736.586
8.552,763.836
8.556,807.395
8.56,761.062
8.564,697.269
8.568,678.96
8.572,695.088
8.576,687.23
8.58,657.012
8.584,716.732
8.588,696.07
8.592,624.88
8.596,659.489
8.6,630.927
8.604,668.833
8.608,634.963
8.612,619.611
8.616,611.753
8.62,611.053
8.624,606.175
8.628,576.524
8.632,615.972
8.636,610.194
8.64,548.971
8.644,568.009
8.648,587.232
8.652,613.025
8.656,571.057
8.66,522.926
8.664,568.619
8.668,550.796
8.672,549.661
8.676,518.217
8.68,528.537
8.684,537.18
8.688,532.791
8.692,515.592
8.696,518.02
8.7,517.797
8.704,560.464
8.708,559.313
8.712,511.18
8.716,522.291
8.72,492.728
8.724,484.704
8.728,546.701
8.732,536.805
8.736,531.817
8.74,531.534
8.744,509.926
8.748,495.788
8.752,500.179
8.756,530.518
8.76,506.67
8.764,512.67
8.768,497.783
8.772,528.249
8.776,506.077
8.78,509.021
8.784,491.335
8.788,483.509
8.792,477.416
8.796,473.101
8.8,476.093
8.804,481.048
8.808,495.343
8.812,474.384
8.816,483.294
8.82,466.677
8.824,459.227
8.828,465.911
8.832,430.555
8.836,485.069
8.84,408.877
8.844,458.319
8.848,466.191
8.852,513.701
8.856,377.785
8.86,387.868
8.864,397.92
8.868,441.859
8.872,390.88
8.876,385.607
8.88,374.782
8.884,371.284
8.888,368.644
8.892,391.018
8.896,338.631
8.9,364.27
8.904,293.76
8.908,312.153
8.912,369.909
8.916,339.418
8.92,309.39
8.924,344.412
8.928,311.565
8.932,328.122
8.936,284.708
8.94,272.18
8.944,288.102
8.948,248.134
8.952,255.99
8.956,260.629
8.96,253.292
8.964,246.957
8.968,199.02
8.972,243.287
8.976,245.064
8.98,211.339
8.984,190.362
8.988,227.297
8.992,213.351
8.996,235.047
9.0,250.408
9.004,245.56
9.008,167.897
9.012,182.682
9.016,163.735
9.02,169.712
9.024,189.333
9.028,164.875
9.032,169.037
9.036,209.1
9.04,163.902
9.044,189.143
9.048,282.401
9.052,247.317
9.056,251.544
9.06,249.959
9.064,230.553
9.068,181.557
9.072,211.241
9.076,234.461
9.08,242.066
9.084,263.802
9.088,294.672
9.092,322.366
9.096,238.583
9.1,330.27
9.104,302.596
9.108,317.538
9.112,307.369
9.116,324.684
9.12,393.936
9.124,367.164
9.128,405.908
9.132,386.134
9.136,403.955
9.14,439.498
9.144,428.735
9.148,436.04
9.152,435.072
9.156,490.88
9.16,461.951
9.164,515.745
9.168,514.88
9.172,529.821
9.176,546.986
9.18,552.411
9.184,596.826
9.188,571.204
9.192,588.266
9.196,631.078
9.2,650.637
9.204,640.394
9.208,659.565
9.212,700.004
9.216,679.362
9.22,691.219
9.224,747.281
9.228,715.785
9.232,744.929
9.236,741.968
9.24,689.488
9.244,712.386
9.248,770.06
9.252,773.174
9.256,767.084
9.26,792.228
9.264,779.502
9.268,711.824
9.272,822.692
9.276,764.833
9.28,791.455
9.284,791.336
9.288,822.028
9.292,824.612
9.296,816.703
9.3,870.362
9.304,824.769
9.308,812.122
9.312,818.378
9.316,815.07
9.32,823.947
9.324,785.331
9.328,798.337
9.332,795.778
9.336,819.691
9.34,786.746
9.344,820.349
9.348,819.083
9.352,763.598
9.356,795.721
9.36,823.276
9.364,771.201
9.368,760.463
9.372,770.862
9.376,803.502
9.38,733.377
9.384,739.176
9.388,735.985
9.392,744.726
9.396,733.92
9.4,741.663
9.404,719.496
9.408,736.702
9.412,691.459
9.416,697.087
9.42,654.145
9.424,643.193
9.428,682.866
9.432,685.561
9.436,648.187
9.44,641.421
9.444,652.196
9.448,668.461
9.452,633.602
9.456,610.246
9.46,609.863
9.464,604.806
9.468,598.681
9.472,571.469
9.476,583.546
9.48,552.472
9.484,535.394
9.488,551.465
9.492,579.118
9.496,521.388
9.5,577.135
9.504,548.214
9.508,552.641
9.512,534.495
9.516,575.11
9.52,577.889
9.524,548.442
9.528,519.52
9.532,479.432
9.536,579.7
9.54,510.026
9.544,552.318
9.548,538.166
9.552,512.074
9.556,498.124
9.56,524.567
9.564,533.667
9.568,503.573
9.572,498.178
9.576,518.277
9.58,490.639
9.584,535.996
9.588,512.098
9.592,513.325
9.596,513.493
9.6,506.089
9.604,455.339
9.608,510.217
9.612,512.88
9.616,494.069
9.62,477.651
9.624,459.899
9.628,453.928
9.632,510.631
9.636,539.421
9.64,485.626
9.644,463.904
9.648,490.532
9.652,481.939
9.656,473.757
9.66,445.171
9.664,450.156
9.668,446.804
9.672,428.39
9.676,437.856
9.68,410.539
9.684,441.417
9.688,428.41
9.692,433.716
9.696,395.502
9.7,380.341
9.704,384.49
9.708,371.639
9.712,362.329
9.716,334.699
9.72,410.513
9.724,387.027
9.728,328.994
9.732,406.011
9.736,339.555
9.74,312.904
9.744,331.089
9.748,324.619
9.752,326.08
9.756,323.726
9.76,285.166
9.764,336.0
9.768,312.369
9.772,325.128
9.776,275.772
9.78,286.567
9.784,239.448
9.788,265.455
9.792,269.504
9.796,221.095
9.8,234.119
9.804,190.367
9.808,211.363
9.812,175.082
9.816,206.621
9.82,204.908
9.824,247.697
9.828,213.072
9.832,215.841
9.836,272.304
9.84,218.894
9.844,208.89
9.848,172.363
9.852,233.406
9.856,217.031
9.86,156.198
9.864,216.141
9.868,225.397
9.872,181.783
9.876,206.081
9.88,226.965
9.884,232.567
9.888,234.603
9.892,261.883
9.896,246.356
9.9,232.995
9.904,220.034
9.908,303.409
9.912,286.473
9.916,281.795
9.92,272.829
9.924,307.783
9.928,305.595
9.932,303.568
9.936,291.988
9.94,293.6
9.944,358.435
9.948,379.98
9.952,334.335
9.956,385.881
9.96,348.481
9.964,395.11
9.968,443.713
9.972,427.508
9.976,457.496
9.98,460.818
9.984,493.514
9.988,495.282
9.992,479.221
9.996,528.317
